email,first_name,last_name
sean.connery@yourdomain.com,Sean,Connery
george.lazenby@yourdomain.com,George,Lazenby
roger.moore@yourdomain.com,Roger,Moore
timothy.dalton@yourdomain.com,Timothy,Dalton
pierce.brosnan@yourdomain.com,Pierce,Brosnan
